{
  "FS1_Price": {
    "label": "Price Only (14 technical)",
    "num_features": 14,
    "train_size": 15534,
    "val_size": 3924,
    "test_size": 5840,
    "models": {
      "Logistic Regression": {
        "accuracy": 0.4979,
        "f1": 0.5991,
        "mcc": 0.0115,
        "n_samples": 5840,
        "confusion_matrix": [
          [
            717,
            2279
          ],
          [
            653,
            2191
          ]
        ],
        "auc": 0.5034
      },
      "LSTM": {
        "accuracy": 0.5033,
        "f1": 0.5206,
        "mcc": 0.0091,
        "n_samples": 5840,
        "confusion_matrix": [
          [
            1364,
            1632
          ],
          [
            1269,
            1575
          ]
        ],
        "auc": 0.5208,
        "loss": 0.693909
      },
      "MLP": {
        "accuracy": 0.481,
        "f1": 0.4996,
        "mcc": -0.0356,
        "n_samples": 5840,
        "confusion_matrix": [
          [
            1296,
            1700
          ],
          [
            1331,
            1513
          ]
        ],
        "auc": 0.4892,
        "loss": 0.706987
      }
    }
  },
  "FS2_Price_Fundamentals": {
    "label": "Price + Fundamentals (8 EDGAR)",
    "num_features": 22,
    "train_size": 15534,
    "val_size": 3924,
    "test_size": 5840,
    "models": {
      "Logistic Regression": {
        "accuracy": 0.4969,
        "f1": 0.596,
        "mcc": 0.0085,
        "n_samples": 5840,
        "confusion_matrix": [
          [
            735,
            2261
          ],
          [
            677,
            2167
          ]
        ],
        "auc": 0.5042
      },
      "LSTM": {
        "accuracy": 0.5207,
        "f1": 0.5216,
        "mcc": 0.0422,
        "n_samples": 5840,
        "confusion_matrix": [
          [
            1515,
            1481
          ],
          [
            1318,
            1526
          ]
        ],
        "auc": 0.5305,
        "loss": 0.691311
      },
      "MLP": {
        "accuracy": 0.492,
        "f1": 0.6103,
        "mcc": 0.0005,
        "n_samples": 5840,
        "confusion_matrix": [
          [
            550,
            2446
          ],
          [
            521,
            2323
          ]
        ],
        "auc": 0.5046,
        "loss": 0.698223
      }
    }
  },
  "FS3_Price_Tweets": {
    "label": "Price + Tweet Counts (3 cols)",
    "num_features": 17,
    "train_size": 15534,
    "val_size": 3924,
    "test_size": 5840,
    "models": {
      "Logistic Regression": {
        "accuracy": 0.4988,
        "f1": 0.5961,
        "mcc": 0.0126,
        "n_samples": 5840,
        "confusion_matrix": [
          [
            753,
            2243
          ],
          [
            684,
            2160
          ]
        ],
        "auc": 0.506
      },
      "LSTM": {
        "accuracy": 0.5062,
        "f1": 0.504,
        "mcc": 0.0128,
        "n_samples": 5840,
        "confusion_matrix": [
          [
            1491,
            1505
          ],
          [
            1379,
            1465
          ]
        ],
        "auc": 0.5158,
        "loss": 0.693211
      },
      "MLP": {
        "accuracy": 0.4856,
        "f1": 0.477,
        "mcc": -0.029,
        "n_samples": 5840,
        "confusion_matrix": [
          [
            1466,
            1530
          ],
          [
            1474,
            1370
          ]
        ],
        "auc": 0.4899,
        "loss": 0.705003
      }
    }
  },
  "FS4_Full_Structured": {
    "label": "Price + Fundamentals + Tweets (Full)",
    "num_features": 25,
    "train_size": 15534,
    "val_size": 3924,
    "test_size": 5840,
    "models": {
      "Logistic Regression": {
        "accuracy": 0.4981,
        "f1": 0.5935,
        "mcc": 0.0105,
        "n_samples": 5840,
        "confusion_matrix": [
          [
            769,
            2227
          ],
          [
            704,
            2140
          ]
        ],
        "auc": 0.5049
      },
      "LSTM": {
        "accuracy": 0.5125,
        "f1": 0.4403,
        "mcc": 0.0195,
        "n_samples": 5840,
        "confusion_matrix": [
          [
            1873,
            1123
          ],
          [
            1724,
            1120
          ]
        ],
        "auc": 0.5123,
        "loss": 0.699078
      },
      "MLP": {
        "accuracy": 0.4832,
        "f1": 0.5462,
        "mcc": -0.0269,
        "n_samples": 5840,
        "confusion_matrix": [
          [
            1006,
            1990
          ],
          [
            1028,
            1816
          ]
        ],
        "auc": 0.4931,
        "loss": 0.704274
      }
    }
  }
}